Palavra,Importancia_Total
mulher,80.81289358645073
homem,56.02217353153376
mulheres,49.67170207491813
homens,42.14788755004957
vida,30.565467140994535
deus,30.301698260607868
casa,25.85446498130042
verdade,24.590852334157656
bom,23.8001403707366
video,22.387742872433037
filhos,21.178372025465656
pai,20.86420155218469
dinheiro,20.793028933104278
mundo,20.48266569128473
mae,19.508140237082877
tempo,18.84980154584194
ninguem,18.056648568891262
marido,17.54590107826884
parabens,17.278277585653143
filho,16.82974489530389
pessoa,15.888124429495006
alguem,15.173002030919493
amor,15.096135597992264
relacionamento,14.702017462554062
valor,13.421015540500386
familia,13.411804916542879
respeito,12.750537319962007
certo,12.727756574425234
carater,12.57434163736514
brasil,12.058574257918817
problema,11.359954652705701
jeito,11.215280920067443
canal,11.177251288582049
boa,10.900706913946502
historia,10.287403966233736
filha,10.12972950179621
rapaz,10.063756186168732
cabeca,9.907103100308317
pagar,9.731085881697107
facil,9.689012006830009
feliz,9.600071826399901
esposa,9.588775475088893
pais,9.51394340906084
casamento,9.38879926777391
dificil,9.246751610846466
cuidado,9.193917225479858
viver,9.042667027822887
caras,9.02658243455535
pena,8.833428265434117
grande,8.61335155170894
culpa,8.576605956661156
concordo,8.21105817316529
conta,8.117579155066277
videos,8.093782535364529
vergonha,8.021985667442959
estado,7.7720177801309465
sozinho,7.576254637624686
ruim,7.523807997434554
serio,7.515240052631138
jesus,7.448404759736521
atencao,7.349326971630578
gp,7.184101082911124
infelizmente,7.166430974882045
paz,7.155556120656993
certeza,7.137264211221206
30,7.095037113050382
mao,6.856937481265041
abencoe,6.822836642361715
dias,6.7778328181604035
imagina,6.772129224296797
ajuda,6.763048471228263
presta,6.7313702628155285
simples,6.7016279336207365
real,6.70009124730327
casar,6.669627652504182
feminismo,6.6649678305849545
ex,6.61844740652031
bonito,6.528839435819388
vale,6.466711822616275
merece,6.455579720217551
conversa,6.431201315635199
chad,6.342651242335678
linda,6.321451456971671
pensao,6.273477905153031
irmao,6.266035652013679
merda,6.264196714049482
grana,6.2144125702338116
dai,6.213751857847926
doenca,6.210508078961313
pobre,6.19422115241005
lei,6.13807166644973
trabalha,6.123815437276761
idade,6.080522131544279
moca,6.079184734078544
10,6.0771911185440155
amigos,6.048470236688268
ama,6.0382434447291935
realidade,6.016927617357831
lindo,6.010165402123211
preco,5.811204716217393
sociedade,5.783781931559863
50,5.772628450038128
levar,5.741037864298526
fato,5.694884324159522
ouvir,5.665703069411049
100,5.600014970058469
chifre,5.584077229421861
academia,5.554844279051168
copini,5.535134070381125
problemas,5.528583868531799
igreja,5.52405570575634
carro,5.503224481295393
trouxa,5.466980534897591
sexo,5.460224436436658
triste,5.449695797860143
contrario,5.411133637282908
medo,5.404251773911501
correto,5.332490622662894
casou,5.321485050197245
futuro,5.31872950764278
20,5.314051948441424
otario,5.302424154289946
certa,5.2704666536356575
terra,5.2386568695632345
livramento,5.201580977046846
youtube,5.19907147087683
feminista,5.1897397233817655
soldado,5.00627179063126
passado,5.002966309712158
comentario,4.987921979932421
palavras,4.978213435809236
razao,4.943429150713682
red,4.939605521870227
conteudo,4.923158069382928
preso,4.914838834613289
caminho,4.895161868672657
debate,4.887554076239121
prostituta,4.878900563293074
pe,4.844339161165962
pura,4.82962515446039
sentido,4.804440869825142
rico,4.770254964625899
situacao,4.730747053695077
geracao,4.710062401580811
causa,4.702221970971791
leis,4.700639701154973
ambos,4.693648151264446
valores,4.678083646457124
rodada,4.668764352000902
verdadeiro,4.660808880898587
paga,4.6579485536943
reclama,4.655161400705271
motivo,4.64345801480871
justica,4.633881064493838
bonita,4.624691037389071
padrinho,4.624685954892246
comentarios,4.619275451674177
comer,4.592862042425791
educacao,4.586898928273262
corno,4.544445004441076
casal,4.520866338160051
mulherada,4.511193647684791
mora,4.498253384422132
cuidar,4.487030906580837
feministas,4.459893986149405
errado,4.429774463154571
palavra,4.418580001954599
internet,4.411248519747844
don,4.410769734448456
inteligente,4.404547221122987
chamar,4.403042346617321
luz,4.381477265026976
vontade,4.3712036420314
amigas,4.3476333649581145
foda,4.324778546839199
jovem,4.287684099653902
criancas,4.282827895786497
dignissima,4.279005512024231
super,4.277787124609221
castigo,4.267855718353576
comprar,4.249717946620925
boca,4.234010687133533
pronto,4.226760508229975
celular,4.207261084919854
depende,4.148213302129589
opiniao,4.110811491643092
nocao,4.107734934722306
moro,4.068523604077938
maquiagem,4.068244635436832
senhor,4.061254240147998
pau,4.056881401385993
cidade,4.048898911512457
funciona,4.045956077048116
criar,4.045206732937325
inferno,4.037287101922842
ajudar,3.9974738369985037
job,3.992757946479864
troca,3.985516424752033
lamentavel,3.9640779287592203
sandro,3.9614781068305343
juntos,3.955823270684053
caro,3.9458257184476033
golpe,3.933968058327006
solteiro,3.89152232915064
diria,3.891368551954288
traicao,3.887799982702464
social,3.8859869974764343
moral,3.8785972551507433
direito,3.8760239222382555
forte,3.8411398982318707
roupa,3.833002550509762
favor,3.8309648380031702
importa,3.8171220161833874
senhores,3.8072912865340043
financeira,3.8045092053585696
feio,3.800302894399655
senhora,3.799647283901413
podcast,3.793044150519968
gustavo,3.782464868177823
vive,3.7765982765059007
encontrar,3.7743731771842883
distancia,3.7690949732719785
casada,3.7418297195367023
buscar,3.7214696826050817
esquerda,3.6964585477623233
crianca,3.6922353788526325
conhecer,3.675577797550883
duvido,3.6644930217244625
crista,3.6630701283718854
foto,3.649988749362092
pedir,3.636896557355617
mentira,3.627340521461953
comecou,3.6259694744030715
graca,3.6229917662350117
ganhar,3.6225486845153556
dor,3.612571345865652
segue,3.610690190202065
olho,3.610080339795794
maluco,3.603847318881896
basta,3.600795848076995
alto,3.596834947320987
alguns,3.596253331501441
tempos,3.5900809763348756
virou,3.589611975496633
boas,3.5871203898738124
prova,3.557806747935465
pessoal,3.540422058978703
chama,3.522363152301355
parar,3.4998549790019724
conheco,3.4983623376888002
assisti,3.4875070866822004
prazer,3.4827884618341667
sinto,3.480225653804745
solteira,3.4751274196606485
saco,3.473198524517116
besta,3.4723471625704367
sorte,3.466389511214025
plenamente,3.4372832304166656
relacionar,3.4032386985519176
tirar,3.3971357816163414
necessidade,3.389756867714061
fico,3.3892524575136482
veia,3.3674152679806326
serem,3.3665531802829674
chifres,3.345057939514088
bens,3.3291499989605926
maria,3.3278818052219874
cuide,3.325211052190608
arrumar,3.3089964777815593
epoca,3.30799991647568
agua,3.301644651597435
nojo,3.2986451746826466
doida,3.2937564723733086
aceita,3.2926048361376825
divorcio,3.2914162411482772
iria,3.2865367419012124
amo,3.2863216125580954
cabelo,3.2860402439394862
pill,3.2733539612488776
amante,3.259209052030843
inocente,3.244699628582845
saude,3.241211281918574
sucesso,3.2277029133206274
absurdo,3.2217777012022997
presente,3.206925672322151
acima,3.2037339916057093
vira,3.1970028071049295
gracas,3.1924443508159115
comportamento,3.1775036839504187
ganhou,3.1721997290122816
90,3.1711461833645482
escolha,3.1669259809306896
separar,3.154407336744122
papel,3.1523879674071194
empresa,3.1411325498420766
coracao,3.1311287663066154
cria,3.1264750520841953
mostrar,3.1246278338222524
cristao,3.1181105150435684
pede,3.1179504458837357
corpo,3.1139310078628473
99,3.111291354446906
bandido,3.108531655701992
cheio,3.105625402532337
pergunta,3.1036141509370987
costas,3.080066053216701
rede,3.0750795435037905
guerra,3.072334913843734
sexual,3.0720359760634963
conselho,3.0719605284126303
sozinha,3.0663513320378444
natureza,3.0644242007738227
porra,3.0462783974250187
casado,3.043451177793697
comida,3.037562019204458
rsrs,3.0313720179753103
base,3.0259921073959393
gado,3.025347095885279
odio,3.0231453148747693
reais,3.017761498497001
brincadeira,3.0057390452669095
visao,2.998959409682904
conhece,2.9922193436470073
otimo,2.9844782293174026
esperto,2.9841093968726042
conhecimento,2.9837752057288167
burro,2.972822756971847
procurar,2.9685833773604453
dignidade,2.967721206692384
irmaos,2.956907602962703
maes,2.932042828411646
brasileiros,2.929254139205992
cuida,2.9234723201425172
casei,2.911009266436067
cristo,2.9057832413722204
voz,2.9024849062703173
bons,2.8936480862880947
carne,2.89041098522482
amem,2.879111027096644
qualidade,2.872045772918853
relacionamentos,2.870121188513696
sabedoria,2.866584484043584
resposta,2.866477445043384
amizade,2.8648241445785128
come,2.8510355434611103
jogo,2.842714215518293
morar,2.829827032982808
faca,2.829003702009202
casem,2.82367956974154
liberdade,2.8202385502550498
melhorar,2.812233630741558
perdido,2.8081413306258174
tras,2.806227104760213
24,2.7923723638521385
bunda,2.787489687968148
reclamar,2.787374660825552
quantidade,2.7855040533314295
mamae,2.7808748159392245
fotos,2.77369453056911
chave,2.773083442614694
perder,2.7707163206395187
miqueias,2.7671964442034667
solteiros,2.7572055256766173
bebida,2.756876315593506
merecem,2.7502737623944133
lados,2.7463073768023536
erro,2.744151394176634
minimo,2.7316209782603753
ridicula,2.7007218399562927
escolhas,2.700007850502454
ze,2.6963431685267887
interesseira,2.6919605124246915
vivem,2.690905248500899
engracado,2.682510504893485
premio,2.6801176532436837
maravilhoso,2.6799058363788264
atitude,2.677826883058124
maos,2.6639095255882568
amam,2.662000601123406
casos,2.6431466933660106
demonio,2.639632993647543
bola,2.6351608027289584
santo,2.6332777489519277
beneficios,2.626437016369111
procura,2.6220363537562714
irma,2.61822787891894
nela,2.618172003215373
humanos,2.6174355412977888
tipos,2.616193311472629
emprego,2.609477172197712
raiz,2.60575325303593
leva,2.6010634097598366
sul,2.594561847817514
emocao,2.5906020466291655
senao,2.58961434318965
genero,2.5885834200056057
pt,2.5867821391830175
separacao,2.5776255701559037
sido,2.5744879476302223
excelente,2.5717610227539645
chuva,2.5658032696783746
macho,2.5619216733508616
consequencias,2.557915988399269
sustentar,2.5480889610815693
felizes,2.5459007581487825
prostituicao,2.5442941300937516
msol,2.5401422729998706
justo,2.536042495719557
hipocrisia,2.5312966209922947
imagem,2.530109822687356
novinhas,2.528130400401598
levou,2.526872519860918
coitado,2.5107271927645725
perigo,2.5063249654804673
perdao,2.5050767206620947
capitalismo,2.5043594192885994
trair,2.5009077804669064
cartao,2.4993668543215284
sinal,2.498464936780587
companhia,2.4898518593643035
ruins,2.489729509720122
perdeu,2.4848385347860877
piriguete,2.4826185831331644
inteiro,2.4818169134917603
louca,2.4739660948378166
completo,2.4702543531102035
fortes,2.4653683636761943
qdo,2.4639270089499337
menino,2.462493517176766
esqueceu,2.462363134333793
vice,2.4572823765015563
mente,2.444890256687872
acorda,2.4410784432217856
dizia,2.4406548602294604
tentou,2.4380537034160104
fiquem,2.4341280548477586
ovo,2.4298098119220604
masculino,2.4233653003553606
armadilha,2.4201050605582175
conselhos,2.419842761696373
aparencia,2.413422642825127
canalha,2.4119651423594446
contar,2.4116596935736867
esposo,2.4109448790236443
vulgar,2.410716757983189
comeca,2.4017350860969056
crime,2.396256917403286
25,2.394398197205048
namorar,2.3893370281500665
bicho,2.3886413518885052
manda,2.37916121848512
livre,2.378419328223114
12,2.3758854881170692
qi,2.3739092129178507
besteira,2.3636940930694728
viva,2.3622440240006055
ouvi,2.361001435078265
agradar,2.360883230987109
aprende,2.358279206842966
espirito,2.356617589424452
amar,2.346667673541422
avo,2.3448844498754067
risco,2.343169329686046
dono,2.3420029854230444
olhos,2.3417461772399037
mercado,2.340434413708421
encontro,2.3317430219428115
sofrer,2.3300480462549458
40,2.329117280414415
vivo,2.3230362569396754
contato,2.3227011926590326
rio,2.319642665865996
virgem,2.317559917844327
mi,2.314550816636042
presa,2.310900528155241
ceu,2.308677186072094
rua,2.3075384464413675
deixo,2.3021418190656533
luxo,2.2976845880188472
professor,2.295375401906218
modo,2.2945919266361523
via,2.2940457891903043
acusacao,2.293150504958733
corre,2.2916285064946367
fa,2.286056728796438
percebe,2.285385158959242
significa,2.2852497386440476
provas,2.281745542283013
nariz,2.277925859794585
boy,2.275168199521777
midia,2.27060507075684
beber,2.270311179600391
prefiro,2.269559578155213
forcas,2.268748728526308
existir,2.2686014060260105
contas,2.2680509504436834
balada,2.2661196257884546
vendo,2.26330311503358
piada,2.263168843469146
pedreiro,2.2580311373343016
errada,2.2548468871871368
aceitar,2.2502969936552764
noticia,2.2468838948546512
opcao,2.2442164515764444
sociais,2.2427155206801674
juiz,2.2426858578158764
entrada,2.2414722544873884
pes,2.2413029620505203
regua,2.2400626695054227
perdoa,2.2372917139466804
14,2.2321976886170987
cansado,2.2297885596416807
cachorro,2.226232283131459
aguentar,2.2259836086981943
saindo,2.224471883989463
ferra,2.2199294835504304
bela,2.211405278118577
quebra,2.210869175922372
assedio,2.2094737485858054
negocio,2.2084579985587687
livrou,2.205725045026581
terem,2.2049560110285262
ambiente,2.2041154866652413
sinais,2.204093408381496
paciencia,2.200946985812471
ana,2.1993167703735463
puta,2.19725380114425
resolver,2.1924793515478074
humano,2.1908034038819895
use,2.1863974461259708
guerreiro,2.1859612816251635
limpa,2.185462465467075
chamado,2.180838408402016
feminino,2.180208251242312
procurando,2.1749914504799324
aparecer,2.172308118185117
500,2.1716872847755986
empoderadas,2.1665656236412807
doce,2.166225502226035
rapido,2.165207445586615
musicas,2.1648607121597685
cama,2.1642841700045397
chance,2.163339222898365
cai,2.159913867140729
eis,2.1551307579081156
normal,2.1541693636898698
acabar,2.1538608897514155
papai,2.1535889995910034
raiva,2.151988148751572
ricos,2.150586418181077
porta,2.15043739810381
coragem,2.148027235686212
mensagem,2.1463488580549215
vitima,2.14528900966397
bonitas,2.1440209633925082
concorda,2.141829371254967
namorado,2.1406949621327938
bebe,2.138155454575533
errou,2.137546673899271
biblia,2.1370293372603877
nota,2.1237807890574705
tamanho,2.121423669366646
gostando,2.119534804563007
dado,2.1165463754652194
daniel,2.115683422693223
sujeito,2.111614829880526
analise,2.1111619843356584
80,2.1078539907259115
existia,2.1064502951999895
seres,2.105048949959886
antigamente,2.102267242218298
pastor,2.102167663966342
sinceramente,2.1018150023764597
correr,2.1003959976196174
rir,2.0987461260631557
miqueinha,2.096375683558507
querida,2.0963390214102975
parentes,2.09385349694955
vidas,2.0918514858583475
queira,2.091043075545555
bandidos,2.0908593430813025
fugir,2.0896356127896203
perfeito,2.0875472198649234
segura,2.0830495588112767
solitude,2.081281926831475
trocar,2.080949384211386
geralmente,2.0804655779618395
perde,2.080183969818191
anda,2.0787330448645323
bolha,2.0747685198930808
regras,2.074695338383441
fizeram,2.0745432141699083
abrir,2.072034540670244
ouviu,2.0698347086150175
ganha,2.0692962324721305
caralho,2.0680980591670886
usou,2.0648136730227917
perfil,2.064113017401076
gostava,2.061315956110512
pague,2.060550285067904
penso,2.0604551952948307
decepcao,2.058668772090341
lixo,2.055359945300747
enzo,2.0536764958316933
acontecendo,2.0518056276083865
coitada,2.034578732302836
solucao,2.031458372055522
fundo,2.025402653990657
bomba,2.023663710511946
feminina,2.0227901877747314
planeta,2.022099528536367
caiu,2.0209248376580975
bosta,2.020724348050213
satanas,2.017082715440536
senso,2.016301157561283
traiu,2.0122124458015627
mandar,2.0091103339527923
abre,2.008380470541174
virar,2.007219363778556
carencia,2.0067320256631946
olhando,2.0045124963963303
fome,1.9983281705887201
par,1.993058677665344
gostaria,1.9848282271553914
economia,1.9845504163343153
mental,1.9842451237070164
00,1.9821460734639633
trata,1.9801284562875008
torna,1.9774549555267886
respeita,1.9756829852338567
neymar,1.9750403180658267
jovens,1.9736132338336443
ilusao,1.9698660679591287
acabam,1.969710383521316
cresce,1.968886665501182
namoro,1.9687432322332101
atitudes,1.9675203396498646
casadas,1.9657185700978868
regra,1.9637006439329665
salvador,1.963024293459955
mudar,1.9613829066791926
arthur,1.9586058714208368
exato,1.9577399724350113
redes,1.9558544217625413
amanha,1.9558014706240288
ganhando,1.955296554652178
900,1.9518906765861348
esquece,1.9510221597685704
verdadeira,1.9482856906472454
ego,1.9458986002984657
trai,1.9456158531009973
religiao,1.9435929895573854
universo,1.9406093821878154
sentar,1.932545520068266
60,1.9311835820797527
choro,1.9284719353775375
idiotas,1.9276436635778391
aula,1.9268915081281466
aprendeu,1.9202335316769852
arruma,1.916353343706847
eh,1.9120262902930314
fatos,1.9106057141583914
gay,1.9075556655748414
ganhe,1.8995546525067126
galinha,1.8991368821007033
texto,1.8918054803349735
va,1.8911617603631599
trabalham,1.8908945206416852
cabe,1.8901876965776059
kaka,1.889971928747558
praticamente,1.8864252111024193
dava,1.885751233934961
aluguel,1.8817780177497578
terrivel,1.8786471048188318
interesse,1.8783142665104058
conquistar,1.8771900877535201
conheci,1.8695875821589996
lascar,1.8671994541234034
fuder,1.8625337953134795
consciencia,1.8607385179075489
engole,1.860422026153662
engravida,1.8599308709632147
certinho,1.8597993957781618
fe,1.858292740225295
assistir,1.8577253677360899
espera,1.8534939871743839
esforco,1.8498224665257954
escola,1.849656589165627
envolve,1.8493478660097091
assumir,1.8493304620451707
direto,1.8484083921822534
homen,1.8477550205395241
barriga,1.8470026417155943
retorno,1.8442603635356094
gastar,1.8439338214399768
trabalhava,1.8411780562561368
principe,1.8382609937593415
menina,1.8365895091193245
oferecer,1.8354445280704703
some,1.8336763407012941
frase,1.8330587153300892
vicio,1.8288607665888348
eterno,1.8231790194738504
uniao,1.8223915614884079
inteligencia,1.8197151452271019
reacao,1.8145572351696861
acordar,1.812995858437493
devemos,1.8038105556774733
devia,1.8035101695031783
suficiente,1.8034823201341332
louco,1.8018040837696905
educar,1.8012904013809294
atuais,1.8000675188709578
meninas,1.796227207861768
impostos,1.7957116434699398
alma,1.794781383001081
sente,1.7913273500745526
preferencia,1.791039604941915
defendem,1.7902552379231906
direitos,1.7897193410963728
defende,1.7882008429039222
pensam,1.7877932136192412
sentiu,1.7849968565860066
black,1.7840201437859475
oportunidade,1.783208311952526
humanidade,1.7764672659959695
exterior,1.7763823918626738
geral,1.7759094093819645
milhoes,1.7736557538921507
pras,1.772068474824526
tia,1.771581519575091
alexandre,1.7685753937605049
restaurante,1.7685071046752365
versa,1.7637970904587854
carente,1.7634697262833652
dona,1.7623623415814291
compra,1.761083681982708
enxergar,1.7606260581022555
yt,1.7585270149512475
jogar,1.7562931580168075
liga,1.7562734454694588
respeitar,1.7559994010210396
mole,1.7555576939624378
meme,1.7540982520942427
dever,1.7505472140247123
pulou,1.750309780670162
primo,1.7501209812683851
sogra,1.7466728477326532
sensacional,1.7465541656776364
conhecidos,1.743598837993287
mangina,1.7434973367869477
joga,1.7433330859961385
manter,1.7430377071852154
garota,1.7428232361141685
salario,1.739426945646687
banana,1.7385392742713504
humana,1.7384097042374074
propaganda,1.7367260383763385
privada,1.7347797708333457
levando,1.7346889124925997
tranqueira,1.732232018612543
mentiroso,1.726534349151918
comeco,1.7259121502839858
burra,1.7244914826598652
pagaria,1.7218588533960435
nojenta,1.7200325184650063
infeliz,1.7191817482547709
fizer,1.7181231735445979
protecao,1.7178260148568634
excecao,1.7162620078743676
pix,1.715084944563523
paulo,1.713200209036044
nasceu,1.712509436536385
europa,1.7102175457841688
copo,1.7090497235127913
agrega,1.7062529746193231
namorada,1.7035923352007467
vaza,1.7025128368414717
criou,1.7022418595702349
divulgar,1.702217704396436
responsabilidade,1.7022065620198596
escolher,1.7002310282269684
parecer,1.697517348660276
longo,1.693438930678504
salva,1.6889004226515592
financeiramente,1.6884558467555948
luta,1.6879351113598058
energia,1.6846151406584915
licao,1.6822870094603313
beijo,1.679504059260641
cair,1.6782473106162585
cheia,1.675513211733491
podre,1.6738558041033267
35,1.673826449855842
adulto,1.673314380909467
apaixonado,1.6727000819529587
estoria,1.6722412917122764
evangelico,1.6722048609182034
emocional,1.671961795893344
estatal,1.6699740495178599
gera,1.6695075716537549
sujo,1.6682662712724639
carioca,1.6673357882391637
presentes,1.664842290926295
acusado,1.662359286998646
solteiras,1.6612535782511235
beijar,1.6601486429825192
personagem,1.6594058199639037
chata,1.6518302941156955
raras,1.649685447330884
adulta,1.6493348234058334
matar,1.649199474168484
incrivel,1.6485522568324016
diabo,1.6483602813285565
financeiro,1.6477335595484148
segundos,1.6473923901622773
empresas,1.645280089317865
ideia,1.6451927958238417
branco,1.643221404696154
abandonou,1.638559144754689
sacanagem,1.6371864832597165
aceito,1.6367300206704347
alerta,1.6335230504032612
falsidade,1.6325321396090988
padrao,1.6315450191854657
considerado,1.6314958910487174
sofrendo,1.6309929805580436
gato,1.6305430722354208
tatuado,1.6265712791471096
uso,1.626276738317388
vista,1.6247288517007303
crer,1.6235694956539606
tira,1.6224700256612135
pensamento,1.6144357548720534
pa,1.6143501564636025
vagabundas,1.6120940247121363
relato,1.6085210045756075
personal,1.6041744696382065
piranhas,1.603938388952057
atraente,1.6025495418436677
episodio,1.6022087930250448
chegam,1.6007352825481735
quebrar,1.6005845866052577
lista,1.5990942694795407
apanhar,1.5985177588479158
ap,1.5979906945685547
narcisistas,1.5956862884646368
brasileira,1.5952061095097363
virtude,1.5927044742658352
instagram,1.5900194803577428
alta,1.5891583016096225
gastei,1.5870184518699646
reclamam,1.5855356159522465
continuo,1.5822414075632403
casados,1.578379232307167
diferenca,1.5760862364908639
morrer,1.5760654653394077
orgulho,1.5756160712037919
depressao,1.5749453737051926
colher,1.5735629920241059
prato,1.5734506746566335
continua,1.5661315880893074
buraco,1.5616301191585882
carta,1.5612083964019559
fio,1.5611741297129458
argumentos,1.5568481354773966
desempregado,1.5543988834106859
vo,1.554196700164884
turma,1.553345648829646
idiota,1.5528147917005937
admiro,1.552185526937406
precisando,1.5510914876299013
heranca,1.5468572219527714
igualdade,1.5457782265156776
lavar,1.5450986387851326
tradicionais,1.544590588738894
quebrada,1.5435731167129878
custo,1.5422116611888939
descer,1.5420510471391065
fiel,1.5407971434443304
livrar,1.539960649326442
encontra,1.539846928747456
jogando,1.5396584847519235
receber,1.5389299187132908
aprender,1.5362900056636009
voltou,1.5361303183892967
interesseiras,1.5356622815560979
violencia,1.5356495584896972
conseguem,1.533783169820198
sonho,1.533061380773316
venha,1.5252243776661032
filosofos,1.5235932301613724
comecar,1.5224046200146908
livro,1.5191922724626252
adolescente,1.5189584610447704
sub,1.5177097435423048
obrigacao,1.5140509612547528
psiquiatra,1.511890283565088
musica,1.5113639767181564
antiotario,1.507840012999394
pobres,1.507740290374132
dica,1.504926029621268
quente,1.50225772297716
populacao,1.5002199934993754
motivos,1.4963394305671494
trabalhando,1.49622802167692
envolver,1.4949151650272374
raro,1.492358231438265
mel,1.491335084429073
brasileiras,1.4881728436910278
porcaria,1.4867582779003587
minas,1.485927548622063
21,1.4842631360883545
independente,1.4823958662225503
serie,1.4821822226414723
casais,1.4820060185604316
dependente,1.4810676212564018
valorizar,1.4799569435479962
medico,1.479218556263124
aprendi,1.4778358254394792
chorando,1.4753917715022546
terminar,1.4736640972095967
arvore,1.472817919315705
praia,1.4698510547837873
capaz,1.467954560226051
fia,1.4657848629238008
roubar,1.4657467903649875
adiantar,1.4627230499071617
agente,1.4627084692826748
dignissimas,1.461716689607043
advogado,1.461141862024549
estudo,1.457715058521604
usam,1.454299350327457
frases,1.4533735217165904
futura,1.45236148496712
bonzinho,1.4516474676932194
saibam,1.449893291551635
dificuldade,1.4485522704403677
postando,1.4472267821288547
redpill,1.4471293774976868
barzinho,1.4460167375293538
extincao,1.4444035171094716
humor,1.444172857638871
credito,1.4429436354038891
gas,1.4411638033286311
evitar,1.4406397870785757
humilhando,1.4405741529306648
felipe,1.4378275630614465
comum,1.4368994167069513
compromisso,1.4366343665582246
medio,1.4364255465347968
convidados,1.43595298810681
psicologicamente,1.4309617747489585
largou,1.4301985279761742
decisao,1.425026678816701
chorar,1.4198313858045486
tv,1.4178237940303111
disney,1.417816206259109
levam,1.416506858135778
voltando,1.4111167477694435
norte,1.4109099383370596
tornar,1.4098559268026745
aposentar,1.4098411974876806
drogas,1.4088549449745849
servir,1.4088353503450037
apoio,1.407996417035388
desgraca,1.406473612447327
tornando,1.404322542873985
carnaval,1.4029309680516437
especie,1.4008988422138176
ridiculo,1.4008403068796023
rosto,1.4005352812143335
jr,1.3977552392796744
escolhe,1.3961985888716215
egoista,1.3948147225786218
honra,1.3938211608007862
18,1.393076423388496
conversar,1.3920116857241212
questionar,1.3911602628013378
ar,1.3884157153068533
critica,1.387080804533404
verem,1.3868811319686594
imagine,1.3867168426579437
destruir,1.386028426683986
modelo,1.3835101025772847
saem,1.3818002224667518
acordo,1.3796034042479601
lindos,1.3733295382460262
lindas,1.3725331737424242
pratica,1.3715505116501212
objetivos,1.3712821073764385
aproveitar,1.371165891314081
trabalhadores,1.3706826955275424
programa,1.3698003529967717
bancar,1.3679646280031938
guerreiros,1.366478052544415
levanta,1.363799322537874
julgar,1.3627481632895393
entregar,1.3624226406148596
lar,1.3623518097206175
responsabilidades,1.360141809803555
doente,1.3588137365961646
desejo,1.3573652392366387
deusa,1.3563065973906192
unha,1.3548348005784376
sala,1.3546950277093592
valorizam,1.3507357257237536
exigencias,1.3501284932537176
terminei,1.3500256960560644
partes,1.3482412688202479
erros,1.3482021556361707
responde,1.347888802536331
tocou,1.3476865537310792
15,1.3463737942963223
tio,1.3463295167260843
metade,1.3442797200946857
lo,1.3419459272715193
cambada,1.3400674215535509
linha,1.3397402666079505
conservadores,1.3383571914355965
sentir,1.3359742767739873
experiencia,1.334463606989151
criticam,1.3335719100564793
saia,1.333400084639429
perdem,1.3262140928729207
mete,1.3251692388869485
condicao,1.3247500230093796
maravilhosa,1.322897436461127
cuidando,1.318687352930883
siga,1.3185135695372694
relacionado,1.3183601080047427
vagabunda,1.3180863714541295
definir,1.3158481634127397
media,1.3111836429306183
governo,1.3106163352113613
agressao,1.3038697506972428
mandou,1.3033288183999763
lembro,1.3024555554147632
destroi,1.3016858356642065
prefere,1.3013464235645507
desculpa,1.3006429454805875
claramente,1.2963113739955276
materia,1.2950905401495052
conteudos,1.2941327901755748
muda,1.2936635960004894
corta,1.2924062239793574
detalhes,1.2907907883690142
classe,1.286190743431654
assume,1.2861393642765937
11,1.2811288515859667
mgtow,1.280634536734464
fisico,1.2792038303742213
resolve,1.278475539883667
mudou,1.2773721024184173
confio,1.27699638803401
cultura,1.2750641807544079
satisfeito,1.274620246205482
casinha,1.2664134781533338
judiciario,1.2644086454628614
credo,1.2620428744230887
expor,1.2603907521626452
pedi,1.2597318096559789
achou,1.2589225258106467
ideias,1.2587360350733297
machado,1.2559077332788178
tentando,1.2546605600125473
pago,1.2534013577690735
nobre,1.2527313643445386
precisar,1.2519148071229533
cadeia,1.2507984925411895
argumento,1.2505742512197884
filmes,1.2504490388186003
gostamos,1.2472385789755946
escolheu,1.2469441679942201
perfeitamente,1.2460096837351564
vender,1.2454591532042842
acredite,1.244798800905214
julga,1.2447438218060292
agir,1.2440952427099967
sobe,1.2433009420244403
patrimonio,1.2431530695020083
emocionados,1.2426079096899545
criando,1.242591552324181
prestar,1.242242356448962
fale,1.239730234875883
galera,1.2392999908213274
assuma,1.2379260367674556
entenda,1.237655936035479
vim,1.235723093195148
criada,1.234322328385593
fisica,1.2331590207723049
logica,1.2323022000176236
confia,1.230098556813482
controle,1.2259233899678288
vantagem,1.2248677872038392
aplicar,1.224852991153393
emocoes,1.223447869744657
sigo,1.2231803906127858
moto,1.2227657987674287
princesa,1.2213287394385541
ordinaria,1.2195722328227945
aproveita,1.2190517938660697
percebeu,1.2181534580046938
cha,1.2153943146205097
funcao,1.2147799048713486
resultado,1.2124250649218251
salvar,1.2060707299762412
achava,1.205162341896835
consegui,1.2007063943629654
otimas,1.199402705377841
interior,1.1989744827758253
cheguei,1.1969221354674913
mostrando,1.196172733879072
foco,1.195198617835047
ganham,1.1949559578437576
roca,1.1933551542410874
busca,1.1931166600359513
percebo,1.1908812310640533
duro,1.1907828864153578
valem,1.1884642124621183
errar,1.1864398829850415
quiserem,1.1841112563550096
baixa,1.1829544242966683
ficava,1.1818982453372955
mes,1.1813821219796798
traz,1.179236128034332
consiga,1.1787212687430644
odeio,1.1785244269030477
tratar,1.178062196263427
caridade,1.1764195743028325
publico,1.1763263747889794
trabalhavam,1.1732896589710968
faculdade,1.1725221170865319
recebeu,1.1719115958009347
certas,1.1691852823406892
pagando,1.168577845308848
valia,1.1683037792136797
cerveja,1.1673364686026606
ouvindo,1.1635978722311857
compativel,1.1624314852965942
sabias,1.1622260898964
parceira,1.1614746840197623
assunto,1.1592760558178372
penha,1.158894999207246
alegria,1.1586949484425721
lua,1.1585666549518308
terminou,1.157561807150091
acesso,1.1555137054026978
tema,1.154387865315952
prestam,1.1512184242578039
criticas,1.1506483351932624
leve,1.1505686521316716
decadas,1.1504175198273043
jantar,1.1503891601740006
narcisista,1.147173808533312
ceder,1.1451826118353123
forcar,1.1436904456076493
nascer,1.1434318109289325
carreira,1.1427746166554886
proteger,1.1411501699557918
batalha,1.1409148075662685
historias,1.1402192744452877
torto,1.1401636341588004
historico,1.1396583637431386
rouba,1.1371067999156974
carona,1.1358621462105414
personalidade,1.1353914571226256
nordeste,1.1344672696340077
agem,1.1337775000703516
trabalhador,1.1316935826029288
sobrou,1.1306748102607749
paguei,1.1304680527917537
respondi,1.1277560731795577
19,1.1251796812099966
viajar,1.1213428049437266
intencao,1.1212989834931761
perguntar,1.1206456935758153
banho,1.1193466327889132
conseguiu,1.1161864700788593
usando,1.11575398242384
destruida,1.1085145563341652
vivi,1.1082110050186362
acusacoes,1.104517183306872
entrega,1.1036341219792476
fogo,1.1017681016690415
gastos,1.0996394173584334
roupas,1.0989514714786743
recursos,1.097673896621625
tirou,1.096422712805143
mediana,1.095477960802332
caos,1.0934059115670682
preocupa,1.0914161628997519
funk,1.0913757528599002
deixam,1.0883396967667966
inss,1.086838952499663
muitissimo,1.0839944552521312
eterna,1.0830201355025006
sofrimento,1.0819210607897172
criacao,1.0809281985856087
creio,1.0805355241644201
hospital,1.0790710740594203
abencoado,1.076771262744849
inves,1.07488442910372
importar,1.0741954627168084
falha,1.0736890984326926
carrossel,1.0733601064918363
proibido,1.071528220448712
beneficio,1.0713342505628085
despertar,1.0689316822414667
tristeza,1.0672548003361773
shows,1.0659413617718816
possuem,1.0634699216228594
neto,1.0633335197750715
bolsa,1.0608917799868152
morais,1.057432987997166
aumentar,1.0559779570065648
felicidade,1.0552829591435293
ajudando,1.0525215207424319
amizades,1.0521970967656533
investe,1.050586886579887
dito,1.0479493275291212
durar,1.046991152628702
provedor,1.0447141690505666
belo,1.0433529389558727
famoso,1.0423768083553493
inscrito,1.0406173343961405
tomou,1.0395587389661236
curriculo,1.0382412522660245
exigindo,1.0314427253196046
curto,1.030955982800867
abaixa,1.0296298502944978
prazo,1.0244664572040927
porq,1.0225707903698074
crimes,1.0225195657135973
pudor,1.0221740072348435
trato,1.0204743935341711
estresse,1.0177507270861985
junior,1.016756129674913
morre,1.0161448538263775
completamente,1.0137643664379559
processo,1.0129213149333292
criado,1.0097970831938716
promiscuidade,1.0090474700186682
desenvolvimento,1.0072011149851412
conservador,1.0046723396846668
sozinhos,1.0045460551212244
temor,1.0017129538185183
desejos,1.000593186658095
morte,0.9990380954888282
atrair,0.9921987597159322
encher,0.9915842117684002
pensamentos,0.9907755979116162
pros,0.9907615183821572
material,0.9902679238902019
humilde,0.9877612001025102
atualmente,0.9875265161300566
sertanejo,0.9831766552677104
significado,0.9807063393515772
aplicativo,0.9758927045220188
brancos,0.9707531797615405
comuns,0.968351374577903
branca,0.9670467746776958
situacoes,0.9668468230450791
racismo,0.9657048044895822
vara,0.9622021184669004
grandes,0.9590159196892841
estilo,0.9535871980273538
repetindo,0.9493522938097623
separei,0.9442934167553
proposta,0.9436802396730429
compras,0.9424122637813364
proposito,0.9411923975719497
renda,0.9404440648364571
bolas,0.9388719193689842
curso,0.9344619573800783
dificuldades,0.9290775594695913
defender,0.9271390116946469
registrou,0.9264005171771725
extremamente,0.9243256006965079
status,0.9235943618014664
short,0.9221334448743579
inventar,0.920704163607603
otima,0.9193405871288058
recomendo,0.9179712972815823
filhas,0.9176434786795591
ler,0.917535197154594
face,0.9164429828705071
existencia,0.9158516736565012
erradas,0.9134678728879941
inocentes,0.9124162830305923
peco,0.9079823385474022
conseguia,0.9062508698420046
possa,0.9037254191184111
las,0.9019549664080824
repetir,0.9007780384450633
despesas,0.89871605074222
olham,0.8976984943784891
insano,0.8959822776978335
sucedida,0.8940811020371509
salvo,0.893737638520893
rei,0.8931021813259596
firme,0.8920154544049016
lugares,0.8909484700537755
empresario,0.8898776298768674
referindo,0.8881125967790567
forcando,0.8873458113916265
pergunto,0.885700586687098
tios,0.8741780619067634
discordar,0.8697330098705494
maneira,0.8655542411936247
saudavel,0.8632870878446386
atual,0.862499165277185
deixando,0.8621135203559118
estudando,0.8609357747829355
pediu,0.8479424897593439
obs,0.8463825105247045
liso,0.8451845969302507
morreu,0.8434942048866351
sonhos,0.8430647634196027
motivacao,0.8347505927369974
estudar,0.8304344522957456
barra,0.8298717835343481
aplica,0.8296911478584883
normalmente,0.8285967091080655
reflete,0.8276243524680968
pecado,0.8262913570380959
usuario,0.8252591546703415
lembrem,0.8234161983588786
forever,0.8234035142489722
concurso,0.8192925979134132
enorme,0.8181465404937516
peito,0.8116377999135278
torno,0.8110652344366236
ficamos,0.810223522807396
casas,0.8055056520086838
eua,0.8040693817620567
chego,0.8027225027331119
masculinidade,0.8014675308815947
questoes,0.8010667647239478
fase,0.7995262474211521
autoestima,0.7981315203818627
criam,0.7978813495417443
procure,0.7958478141438949
domestica,0.794041544787093
assumiu,0.7902262220760445
17,0.7899571577914595
detalhe,0.7896288882121183
16,0.7843920581588583
ti,0.7827731825678256
escassez,0.782147001287961
decente,0.7767831731974801
permite,0.7767792126678033
basicamente,0.7675968366576353
infancia,0.7652005484068601
adolescencia,0.7652005484068601
ora,0.7605061421774515
arriscar,0.757461035212712
criados,0.7543915756342779
pessoalmente,0.7517765871185403
masculina,0.7432007153347155
novamente,0.7384326061160308
los,0.7346683496549028
reputacao,0.7329798854848703
afetiva,0.7320255619444453
socio,0.7320255619444453
total,0.7189971653232211
maldade,0.7177464687251824
22,0.7160245663603838
sossego,0.7153224579985211
correndo,0.7152910515194291
justamente,0.7117340723784553
dei,0.7075212529317085
ouvidos,0.706387442289138
lutar,0.7037697858483566
oferecem,0.702002993213848
abusivas,0.694289607129257
serios,0.6867941284216199
carga,0.6840827282759872
rodadas,0.6829920832254448
crescer,0.6563057128708492
revolta,0.6560482492199955
complicada,0.6368653023666913
pagamento,0.6288619349753161
pre,0.6228034852204258
sequer,0.6163626539252792
pregam,0.6016224384242187
toxicas,0.5944275412792026
bater,0.5935971386031161
arrependeu,0.5795865083377658
absolutamente,0.574166085465703
perguntou,0.5708328896869918
vivendo,0.5683811119519194
investir,0.5631100474534645
sagrado,0.5571749209552432
deixe,0.5519722396628818
garotas,0.5513795539125702
conceitos,0.551348281894682
egoistas,0.5279274174205312
trigo,0.5249553895169964
adulterio,0.5128393888497358
churrasco,0.45117295470579677
and,0.40843797539460724
iludam,0.40843797539460724
calvario,0.38603670066587653
sanidade,0.3184140790573555
noites,0.3184140790573555
noivo,0.3184140790573555
suprema,0.3184140790573555
horrores,0.3184140790573555
sono,0.3184140790573555
convicto,0.3184140790573555
identicas,0.3184140790573555
refem,0.3184140790573555
graves,0.3184140790573555
dadiva,0.3184140790573555
tranquilidade,0.3184140790573555
transformada,0.3184140790573555
descobrira,0.3184140790573555
desaparecer,0.2949652946018112
esmagadora,0.2949652946018112
